orderId,order_placing_date,bill
103,2019-05-05,5600
102,2018-08-12,3000
222,2019-06-12,2600
210,2019-04-13,2000
324,2019-08-21,1600
400,2019-08-21,1400
365,2019-08-21,1200
355,2019-08-21,1200
325,2019-08-21,1200
322,2019-08-21,1200
