orderId,order_placing_date,bill
450,2019-08-21,100
400,2019-08-21,1400
365,2019-08-21,1200
355,2019-08-21,1200
325,2019-08-21,1200
324,2019-08-21,1600
322,2019-08-21,1200
310,2019-08-21,1200
295,2019-08-21,10
253,2019-08-21,700
243,2019-06-14,1100
222,2019-06-12,2600
185,2019-06-04,1000
103,2019-05-05,5600
210,2019-04-13,2000
102,2018-08-12,3000
